INSERT [dbo].[ChucVu] ([IDChucVu], [TenChucVu]) VALUES (N'CV001', N'Admin')
INSERT [dbo].[ChucVu] ([IDChucVu], [TenChucVu]) VALUES (N'CV002', N'Thủ thư')
INSERT [dbo].[ChucVu] ([IDChucVu], [TenChucVu]) VALUES (N'CV003', N'Nhân viên')

INSERT [dbo].[NhanVien] ([IDNhanVien], [IDChucVu], [TenNhanVien], [GioiTinh], [DiaChi], [SoDienThoai], [Email], [CMND], [NgayVaoLam], [MatKhau]) VALUES (N'NV001', N'CV001', N'Lâm', 0, N'523', N'12345678910 ', N'lam', N'123456789  ', CAST(N'2017-10-06' AS Date), N'1')
INSERT [dbo].[NhanVien] ([IDNhanVien], [IDChucVu], [TenNhanVien], [GioiTinh], [DiaChi], [SoDienThoai], [Email], [CMND], [NgayVaoLam], [MatKhau]) VALUES (N'NV002', N'CV002', N'Dương', 0, N'523', N'12345678910 ', N'duong', N'123456789  ', CAST(N'2017-10-06' AS Date), N'1')
INSERT [dbo].[NhanVien] ([IDNhanVien], [IDChucVu], [TenNhanVien], [GioiTinh], [DiaChi], [SoDienThoai], [Email], [CMND], [NgayVaoLam], [MatKhau]) VALUES (N'NV003', N'CV003', N'Danh', 0, N'523', N'12345678910 ', N'danh', N'123456789  ', CAST(N'2017-10-06' AS Date), N'1')

INSERT [dbo].[DocGia] ([IDDocGia], [SoDienThoai], [MatKhau], [TenDocGia], [DiaChi], [Email], [CMND], [NgayLap], [NgayHetHan], [NgaySinh], [TinhTrang], [TongTienPhat]) VALUES (N'DG001', N'0976851481', N'123456', N'Minh Tùng', N'523', N'tung', N'123456789  ', CAST(N'2017-10-06' AS Date), CAST(N'2018-04-06' AS Date), CAST(N'1996-02-02' AS Date), 0, CAST(0 AS Decimal(9, 0)))
INSERT [dbo].[DocGia] ([IDDocGia], [SoDienThoai], [MatKhau], [TenDocGia], [DiaChi], [Email], [CMND], [NgayLap], [NgayHetHan], [NgaySinh], [TinhTrang], [TongTienPhat]) VALUES (N'DG002', N'12312312311', N'1', N'Danh', N'523', N'danh', N'123456789  ', CAST(N'2017-10-06' AS Date), CAST(N'2018-04-06' AS Date), CAST(N'1996-02-02' AS Date), 0, CAST(0 AS Decimal(9, 0)))

INSERT [dbo].[NhaXuatBan] ([IDNhaXuatBan], [TenNhaXuatBan]) VALUES (N'NXB01', N'Tuổi trẻ')
INSERT [dbo].[NhaXuatBan] ([IDNhaXuatBan], [TenNhaXuatBan]) VALUES (N'NXB02', N'Light Novel')
INSERT [dbo].[NhaXuatBan] ([IDNhaXuatBan], [TenNhaXuatBan]) VALUES (N'NXB03', N'Thanh niên')
INSERT [dbo].[NhaXuatBan] ([IDNhaXuatBan], [TenNhaXuatBan]) VALUES (N'NXB04', N'Nhi đồng')
INSERT [dbo].[NhaXuatBan] ([IDNhaXuatBan], [TenNhaXuatBan]) VALUES (N'NXB05', N'Lao động')
INSERT [dbo].[NhaXuatBan] ([IDNhaXuatBan], [TenNhaXuatBan]) VALUES (N'NXB06', N'Hà Nội')
INSERT [dbo].[NhaXuatBan] ([IDNhaXuatBan], [TenNhaXuatBan]) VALUES (N'NXB07', N'Văn hóa')
INSERT [dbo].[NhaXuatBan] ([IDNhaXuatBan], [TenNhaXuatBan]) VALUES (N'NXB08', N'Nhà xuất bản trẻ')

INSERT [dbo].[TacGia] ([IDTacGia], [TenTacGia]) VALUES (N'TG001', N'K J Rowling')
INSERT [dbo].[TacGia] ([IDTacGia], [TenTacGia]) VALUES (N'TG002', N'Nguyễn Nhật Ánh')
INSERT [dbo].[TacGia] ([IDTacGia], [TenTacGia]) VALUES (N'TG003', N'Timothy')

INSERT [dbo].[TheLoai] ([IDTheLoai], [TenTheLoai]) VALUES (N'TL001', N'Phiêu Lưu')
INSERT [dbo].[TheLoai] ([IDTheLoai], [TenTheLoai]) VALUES (N'TL002', N'Tiểu thuyết')
INSERT [dbo].[TheLoai] ([IDTheLoai], [TenTheLoai]) VALUES (N'TL003', N'Thiếu nhi')
INSERT [dbo].[TheLoai] ([IDTheLoai], [TenTheLoai]) VALUES (N'TL004', N'Trinh thám')
INSERT [dbo].[TheLoai] ([IDTheLoai], [TenTheLoai]) VALUES (N'TL005', N'Truyện tranh')
INSERT [dbo].[TheLoai] ([IDTheLoai], [TenTheLoai]) VALUES (N'TL006', N'Hài hước')
INSERT [dbo].[TheLoai] ([IDTheLoai], [TenTheLoai]) VALUES (N'TL007', N'Lịch sử')

INSERT [dbo].[Sach] ([IDSach], [IDTheLoai], [IDTacGia], [IDNhaXuatBan], [TenSach], [HinhAnh], [NamXuatBan], [SoLuong], [SoLuongTon], [TriGia], [SoLanMuon], [MoTa]) VALUES (N'SA001', N'TL002', N'TG001', N'NXB02', N'Harry Potter Và Hòn Đá Phù Thuỷ (Tái Bản 2017)', N'http://applibschool.somee.com/Images/1.jpg', 2017, 10, 10, CAST(10000 AS Decimal(9, 0)), 0, N'Khi một lá thư được gởi đến cho cậu bé Harry Potter bình thường và bất hạnh, cậu khám phá ra một bí mật đã được che giấu suốt cả một thập kỉ. Cha mẹ cậu chính là phù thủy và cả hai đã bị lời nguyền của Chúa tể Hắc ám giết hại khi Harry mới chỉ là một đứa trẻ, và bằng cách nào đó, cậu đã giữ được mạng sống của mình. Thoát khỏi những người giám hộ Muggle không thể chịu đựng nổi để nhập học vào trường Hogwarts, một trường đào tạo phù thủy với những bóng ma và phép thuật, Harry tình cờ dấn thân vào một cuộc phiêu lưu đầy gai góc khi cậu phát hiện ra một con chó ba đầu đang canh giữ một căn phòng trên tầng ba. Rồi Harry nghe nói đến một viên đá bị mất tích sở hữu những sức mạnh lạ kì, rất quí giá, vô cùng nguy hiểm, mà cũng có thể là mang cả hai đặc điểm trên.')
INSERT [dbo].[Sach] ([IDSach], [IDTheLoai], [IDTacGia], [IDNhaXuatBan], [TenSach], [HinhAnh], [NamXuatBan], [SoLuong], [SoLuongTon], [TriGia], [SoLanMuon], [MoTa]) VALUES (N'SA002', N'TL002', N'TG001', N'NXB02', N'Harry Potter Và Đứa Trẻ Bị Nguyền Rủa', N'http://applibschool.somee.com/Images/2.jpg', 2017, 10, 10, CAST(35000 AS Decimal(9, 0)), 0, N'Kịch bản Harry Potter và Đứa trẻ bị nguyền rủa được viết dựa trên câu chuyện của J.K. Rowling, Jack Thorne và John Tiffany. Từ những nhân vật quen thuộc trong bộ Harry Potter, kịch bản nói về cuộc phiêu lưu của những hậu duệ, sự can thiệp vào dòng thời gian đã gây ra những thay đổi không ngờ cho tương lai tưởng chừng đã yên ổn sau khi vắng bóng chúa tể Voldermort')
INSERT [dbo].[Sach] ([IDSach], [IDTheLoai], [IDTacGia], [IDNhaXuatBan], [TenSach], [HinhAnh], [NamXuatBan], [SoLuong], [SoLuongTon], [TriGia], [SoLanMuon], [MoTa]) VALUES (N'SA003', N'TL002', N'TG001', N'NXB02', N'Harry Potter Và Phòng Chứa Bí Mật (Tái Bản 2017)', N'http://applibschool.somee.com/Images/3.jpg', 2017, 10, 10, CAST(15000 AS Decimal(9, 0)), 0, N'Harry Potter Và Phòng Chứa Bí Mật (Tái Bản 2017). Harry khổ sở mong ngóng cho kì nghỉ hè kinh khủng với gia đình Dursley kết thúc. Nhưng một con gia tinh bé nhỏ tội nghiệp đã cảnh báo cho Harry biết về mối nguy hiểm chết người đang chờ cậu ở trường Hogwarts.  Trở lại trường học, Harry nghe một tin đồn đang lan truyền về phòng chứa bí mật, nơi cất giữ những bí ẩn đáng sợ dành cho giới phù thủy có nguồn gốc Muggle. Có kẻ nào đó đang phù phép làm tê liệt mọi người, khiến họ gần như đã chết, và một lời cảnh báo kinh hoàng được tìm thấy trên bức tường. Mối nghi ngờ hàng đầu – và luôn luôn sai lầm – là Harry. Nhưng một việc còn đen tối hơn thế đã được hé mở. Harry Potter và phòng chứa bí mật, không như những bộ truyện nhiều tập khác, vẫn tuyệt hay như người anh em trước… Hogwarts là sáng tạo của một thiên tài.’- Times Literary Supplement')
INSERT [dbo].[Sach] ([IDSach], [IDTheLoai], [IDTacGia], [IDNhaXuatBan], [TenSach], [HinhAnh], [NamXuatBan], [SoLuong], [SoLuongTon], [TriGia], [SoLanMuon], [MoTa]) VALUES (N'SA004', N'TL002', N'TG001', N'NXB02', N'Harry Potter and the Prisoner of Azkaban', N'http://applibschool.somee.com/Images/4.jpg', 2017, 10, 10, CAST(20000 AS Decimal(9, 0)), 0, N'When the Knight Bus crashes through the darkness and screeches to a halt in front of him, it''s the start of another far from ordinary year at Hogwarts for Harry Potter. Sirius Black, escaped mass-murderer and follower of Lord Voldemort, is on the run – and they say he is coming after Harry. In his first ever Divination class, Professor Trelawney sees an omen of death in Harry''s tea leaves … But perhaps most terrifying of all are the Dementors patrolling the school grounds, with their soul-sucking kiss. These new editions of the classic and internationally bestselling, multi-award-winning series feature instantly pick-up-able new jackets by Jonny Duddle, with huge child appeal, to bring Harry Potter to the next generation of readers. It''s time to PASS THE MAGIC ON …')
INSERT [dbo].[Sach] ([IDSach], [IDTheLoai], [IDTacGia], [IDNhaXuatBan], [TenSach], [HinhAnh], [NamXuatBan], [SoLuong], [SoLuongTon], [TriGia], [SoLanMuon], [MoTa]) VALUES (N'SA005', N'TL002', N'TG001', N'NXB02', N'Harry Potter And The Goblet Of Fire (2014)', N'http://applibschool.somee.com/Images/5.jpg', 2017, 10, 10, CAST(25000 AS Decimal(9, 0)), 0, N'Harry Potter and the Goblet of Fire (2014) The Triwizard Tournament is to be held at Hogwarts. Only wizards who are over seventeen are allowed to enter - but that doesn''t stop Harry dreaming that he will win the competition. Then at Hallowe''en, when the Goblet of Fire makes its selection, Harry is amazed to find his name is one of those that the magical cup picks out. He will face death-defying tasks, dragons and Dark wizards, but with the help of his best friends, Ron and Hermione, he might just make it through - alive! These new editions of the classic and internationally bestselling, ... ')
INSERT [dbo].[Sach] ([IDSach], [IDTheLoai], [IDTacGia], [IDNhaXuatBan], [TenSach], [HinhAnh], [NamXuatBan], [SoLuong], [SoLuongTon], [TriGia], [SoLanMuon], [MoTa]) VALUES (N'SA006', N'TL002', N'TG001', N'NXB02', N'Harry Potter And The Order Of The Phoenix', N'http://applibschool.somee.com/Images/6.jpg', 2017, 10, 10, CAST(30000 AS Decimal(9, 0)), 0, N'Dark times have come to Hogwarts. After the Dementors'' attack on his cousin Dudley, Harry Potter knows that Voldemort will stop at nothing to find him. There are many who deny the Dark Lord''s return, but Harry is not alone: a secret order gathers at Grimmauld Place to fight against the Dark forces. Harry must allow Professor Snape to teach him how to protect himself from Voldemort''s savage assaults on his mind. But they are growing stronger by the day and Harry is running out of time. These new editions of the classic and internationally bestselling, multi-award-winning series feature instantly pick-up-able new jackets by Jonny Duddle, with huge child appeal, to bring Harry Potter to the next generation of readers. It''s time to PASS THE MAGIC ON .')
INSERT [dbo].[Sach] ([IDSach], [IDTheLoai], [IDTacGia], [IDNhaXuatBan], [TenSach], [HinhAnh], [NamXuatBan], [SoLuong], [SoLuongTon], [TriGia], [SoLanMuon], [MoTa]) VALUES (N'SA007', N'TL003', N'TG002', N'NXB04', N'Tôi Thấy Hoa Vàng Trên Cỏ Xanh', N'http://applibschool.somee.com/Images/7.jpg', 2017, 10, 10, CAST(40000 AS Decimal(9, 0)), 0, N'Cuốn sách viết về tuổi thơ nghèo khó ở một làng quê, bên cạnh đề tài tình yêu quen thuộc, lần đầu tiên Nguyễn Nhật Ánh đưa vào tác phẩm của mình những nhân vật phản diện và đặt ra vấn đề đạo đức như sự vô tâm, cái ác. 81 chương ngắn là 81 câu chuyện nhỏ của những đứa trẻ xảy ra ở một ngôi làng: chuyện về con cóc Cậu trời, chuyện ma, chuyện công chúa và hoàng tử, bên cạnh chuyện đói ăn, cháy nhà, lụt lội,... “Tôi thấy hoa vàng trên cỏ xanh” hứa hẹn đem đến những điều thú vị với cả bạn đọc nhỏ tuổi và người lớn bằng giọng văn trong sáng, hồn nhiên, giản dị của trẻ con cùng nhiều tình tiết thú vị, bất ngờ và cảm động trong suốt hơn 300 trang sách. Cuốn sách, vì thế có sức ám ảnh, thu hút, hấp dẫn không thể bỏ qua.')
INSERT [dbo].[Sach] ([IDSach], [IDTheLoai], [IDTacGia], [IDNhaXuatBan], [TenSach], [HinhAnh], [NamXuatBan], [SoLuong], [SoLuongTon], [TriGia], [SoLanMuon], [MoTa]) VALUES (N'SA008', N'TL003', N'TG002', N'NXB04', N'Cho Tôi Xin Một Vé Đi Tuổi Thơ (Tái Bản 2015)', N'http://applibschool.somee.com/Images/8.jpg', 2017, 10, 10, CAST(45000 AS Decimal(9, 0)), 0, N'NUTruyện Cho tôi xin một vé đi tuổi thơ là sáng tác mới nhất của nhà văn Nguyễn Nhật Ánh. Nhà văn mời người đọc lên chuyến tàu quay ngược trở lại thăm tuổi thơ và tình bạn dễ thương của 4 bạn nhỏ. Những trò chơi dễ thương thời bé, tính cách thật thà, thẳng thắn một cách thông minh và dại dột, những ước mơ tự do trong lòng… khiến cuốn sách có thể làm các bậc phụ huynh lo lắng rồi thở phào. Không chỉ thích hợp với người đọc trẻ, cuốn sách còn có thể hấp dẫn và thực sự có ích cho người lớn trong quan hệ với con mình.LL')
INSERT [dbo].[Sach] ([IDSach], [IDTheLoai], [IDTacGia], [IDNhaXuatBan], [TenSach], [HinhAnh], [NamXuatBan], [SoLuong], [SoLuongTon], [TriGia], [SoLanMuon], [MoTa]) VALUES (N'SA009', N'TL001', N'TG003', N'NXB01', N'Nhật Ký Chú Bé Nhút Nhát - Tập 1', N'http://applibschool.somee.com/Images/9.jpg', 2017, 10, 10, CAST(50000 AS Decimal(9, 0)), 0, N'Sinh động, hài hước, hấp dẫn, từng trang viết của Nhật ký chú bé nhút nhát đã dẫn dắt người đọc đi từ bất ngờ này đến bất ngờ khác qua mỗi ngày cậu bé Greg lớn lên. Bạn đọc chắc chắn sẽ phải cười phá lên khi chứng kiến những rắc rối liên tiếp, những trò đùa tinh quái nhưng hết sức thông minh của cậu. Trẻ con, mơ mộng, bướng bỉnh, Greg đã đi vào văn học với tư cách là một trong những nguyên mẫu trẻ thơ đáng yêu nhất, ấn tượng nhất và chiếm được cảm tình của hàng triệu độc giả trên toàn thế giới. Lối kể chuyện hóm hỉnh rất có duyên cùng những bức hình minh hoạ ngộ nghĩnh của tác giả Jeff Kinney đã tạo cho tác phẩm sức cuốn hút kỳ lạ, đưa nó lên giữ kỷ luật best-seller của New York Times trong 75 tuần liên với số lượng tiêu thụ lên đến 2 triệu cuốn.')
INSERT [dbo].[Sach] ([IDSach], [IDTheLoai], [IDTacGia], [IDNhaXuatBan], [TenSach], [HinhAnh], [NamXuatBan], [SoLuong], [SoLuongTon], [TriGia], [SoLanMuon], [MoTa]) VALUES (N'SA010', N'TL001', N'TG003', N'NXB01', N'Nhật Ký Chú Bé Nhút Nhát - Tập 2', N'http://applibschool.somee.com/Images/10.jpg', 2017, 10, 10, CAST(55000 AS Decimal(9, 0)), 0, N'Sinh động, hài hước, hấp dẫn, từng trang viết của Nhật ký chú bé nhút nhát đã dẫn dắt người đọc đi từ bất ngờ này đến bất ngờ khác qua mỗi ngày cậu bé Greg lớn lên. Bạn đọc chắc chắn sẽ phải cười phá lên khi chứng kiến những rắc rối liên tiếp, những trò đùa tinh quái nhưng hết sức thông minh của cậu. Trẻ con, mơ mộng, bướng bỉnh, Greg đã đi vào văn học với tư cách là một trong những nguyên mẫu trẻ thơ đáng yêu nhất, ấn tượng nhất và chiếm được cảm tình của hàng triệu độc giả trên toàn thế giới. Lối kể chuyện hóm hỉnh rất có duyên cùng những bức hình minh hoạ ngộ nghĩnh của tác giả Jeff Kinney đã tạo cho tác phẩm sức cuốn hút kỳ lạ, đưa nó lên giữ kỷ luật best-seller của New York Times trong 75 tuần liên với số lượng tiêu thụ lên đến 2 triệu cuốn.')
INSERT [dbo].[Sach] ([IDSach], [IDTheLoai], [IDTacGia], [IDNhaXuatBan], [TenSach], [HinhAnh], [NamXuatBan], [SoLuong], [SoLuongTon], [TriGia], [SoLanMuon], [MoTa]) VALUES (N'SA011', N'TL001', N'TG003', N'NXB01', N'Nhật Ký Chú Bé Nhút Nhát - Tập 3', N'http://applibschool.somee.com/Images/11.jpg', 2017, 10, 10, CAST(60000 AS Decimal(9, 0)), 0, N'Sinh động, hài hước, hấp dẫn, từng trang viết của Nhật ký chú bé nhút nhát đã dẫn dắt người đọc đi từ bất ngờ này đến bất ngờ khác qua mỗi ngày cậu bé Greg lớn lên. Bạn đọc chắc chắn sẽ phải cười phá lên khi chứng kiến những rắc rối liên tiếp, những trò đùa tinh quái nhưng hết sức thông minh của cậu. Trẻ con, mơ mộng, bướng bỉnh, Greg đã đi vào văn học với tư cách là một trong những nguyên mẫu trẻ thơ đáng yêu nhất, ấn tượng nhất và chiếm được cảm tình của hàng triệu độc giả trên toàn thế giới. Lối kể chuyện hóm hỉnh rất có duyên cùng những bức hình minh hoạ ngộ nghĩnh của tác giả Jeff Kinney đã tạo cho tác phẩm sức cuốn hút kỳ lạ, đưa nó lên giữ kỷ luật best-seller của New York Times trong 75 tuần liên với số lượng tiêu thụ lên đến 2 triệu cuốn.')


INSERT [dbo].[Sach] ([IDSach], [IDTheLoai], [IDTacGia], [IDNhaXuatBan], [TenSach], [HinhAnh], [NamXuatBan], [SoLuong], [SoLuongTon], [TriGia], [SoLanMuon], [MoTa]) VALUES (N'SA008', N'TL003', N'TG002', N'NXB04', N'Lâm1', N'http://applibschool.somee.com/Images/8.jpg', 2017, 11, 11, CAST(45000 AS Decimal(9, 0)), 0, N'NUTruyện Cho tôi xin một vé đi tuổi thơ là sáng tác mới nhất của nhà văn Nguyễn Nhật Ánh. Nhà văn mời người đọc lên chuyến tàu quay ngược trở lại thăm tuổi thơ và tình bạn dễ thương của 4 bạn nhỏ. Những trò chơi dễ thương thời bé, tính cách thật thà, thẳng thắn một cách thông minh và dại dột, những ước mơ tự do trong lòng… khiến cuốn sách có thể làm các bậc phụ huynh lo lắng rồi thở phào. Không chỉ thích hợp với người đọc trẻ, cuốn sách còn có thể hấp dẫn và thực sự có ích cho người lớn trong quan hệ với con mình.LL')
INSERT [dbo].[Sach] ([IDSach], [IDTheLoai], [IDTacGia], [IDNhaXuatBan], [TenSach], [HinhAnh], [NamXuatBan], [SoLuong], [SoLuongTon], [TriGia], [SoLanMuon], [MoTa]) VALUES (N'SA009', N'TL001', N'TG003', N'NXB01', N'Lâm2', N'http://applibschool.somee.com/Images/9.jpg', 2017, 12, 12, CAST(50000 AS Decimal(9, 0)), 0, N'Sinh động, hài hước, hấp dẫn, từng trang viết của Nhật ký chú bé nhút nhát đã dẫn dắt người đọc đi từ bất ngờ này đến bất ngờ khác qua mỗi ngày cậu bé Greg lớn lên. Bạn đọc chắc chắn sẽ phải cười phá lên khi chứng kiến những rắc rối liên tiếp, những trò đùa tinh quái nhưng hết sức thông minh của cậu. Trẻ con, mơ mộng, bướng bỉnh, Greg đã đi vào văn học với tư cách là một trong những nguyên mẫu trẻ thơ đáng yêu nhất, ấn tượng nhất và chiếm được cảm tình của hàng triệu độc giả trên toàn thế giới. Lối kể chuyện hóm hỉnh rất có duyên cùng những bức hình minh hoạ ngộ nghĩnh của tác giả Jeff Kinney đã tạo cho tác phẩm sức cuốn hút kỳ lạ, đưa nó lên giữ kỷ luật best-seller của New York Times trong 75 tuần liên với số lượng tiêu thụ lên đến 2 triệu cuốn.')
INSERT [dbo].[Sach] ([IDSach], [IDTheLoai], [IDTacGia], [IDNhaXuatBan], [TenSach], [HinhAnh], [NamXuatBan], [SoLuong], [SoLuongTon], [TriGia], [SoLanMuon], [MoTa]) VALUES (N'SA010', N'TL001', N'TG003', N'NXB01', N'Lâm3', N'http://applibschool.somee.com/Images/10.jpg', 2017, 13, 13, CAST(55000 AS Decimal(9, 0)), 0, N'Sinh động, hài hước, hấp dẫn, từng trang viết của Nhật ký chú bé nhút nhát đã dẫn dắt người đọc đi từ bất ngờ này đến bất ngờ khác qua mỗi ngày cậu bé Greg lớn lên. Bạn đọc chắc chắn sẽ phải cười phá lên khi chứng kiến những rắc rối liên tiếp, những trò đùa tinh quái nhưng hết sức thông minh của cậu. Trẻ con, mơ mộng, bướng bỉnh, Greg đã đi vào văn học với tư cách là một trong những nguyên mẫu trẻ thơ đáng yêu nhất, ấn tượng nhất và chiếm được cảm tình của hàng triệu độc giả trên toàn thế giới. Lối kể chuyện hóm hỉnh rất có duyên cùng những bức hình minh hoạ ngộ nghĩnh của tác giả Jeff Kinney đã tạo cho tác phẩm sức cuốn hút kỳ lạ, đưa nó lên giữ kỷ luật best-seller của New York Times trong 75 tuần liên với số lượng tiêu thụ lên đến 2 triệu cuốn.')
INSERT [dbo].[Sach] ([IDSach], [IDTheLoai], [IDTacGia], [IDNhaXuatBan], [TenSach], [HinhAnh], [NamXuatBan], [SoLuong], [SoLuongTon], [TriGia], [SoLanMuon], [MoTa]) VALUES (N'SA011', N'TL001', N'TG003', N'NXB01', N'Lâm4', N'http://applibschool.somee.com/Images/11.jpg', 2017, 14, 14, CAST(60000 AS Decimal(9, 0)), 0, N'Sinh động, hài hước, hấp dẫn, từng trang viết của Nhật ký chú bé nhút nhát đã dẫn dắt người đọc đi từ bất ngờ này đến bất ngờ khác qua mỗi ngày cậu bé Greg lớn lên. Bạn đọc chắc chắn sẽ phải cười phá lên khi chứng kiến những rắc rối liên tiếp, những trò đùa tinh quái nhưng hết sức thông minh của cậu. Trẻ con, mơ mộng, bướng bỉnh, Greg đã đi vào văn học với tư cách là một trong những nguyên mẫu trẻ thơ đáng yêu nhất, ấn tượng nhất và chiếm được cảm tình của hàng triệu độc giả trên toàn thế giới. Lối kể chuyện hóm hỉnh rất có duyên cùng những bức hình minh hoạ ngộ nghĩnh của tác giả Jeff Kinney đã tạo cho tác phẩm sức cuốn hút kỳ lạ, đưa nó lên giữ kỷ luật best-seller của New York Times trong 75 tuần liên với số lượng tiêu thụ lên đến 2 triệu cuốn.')

